vehicle_id,name,br,top_speed_sea_level_kph,top_speed_sea_level_mps,top_speed_sea_level_mph,top_speed_sea_level_knots,source
su_27_sm_30_min,Su-27 SM (30 min),13.7,1536.0,426.66666666666663,954.4258560000001,829.373952,"{'file': 'WarThunder_FactChecker1.xlsx', 'sheet': 'Sea level speed & Map Data', 'row': 3}"
mirage_2000_valid_for_all_variants,Mirage 2000 (valid for all variants),13.7,1512.0,420.0,939.512952,816.414984,"{'file': 'WarThunder_FactChecker1.xlsx', 'sheet': 'Sea level speed & Map Data', 'row': 4}"
j_10a,J-10A,13.7,1508.0,418.88888888888886,937.027468,814.255156,"{'file': 'WarThunder_FactChecker1.xlsx', 'sheet': 'Sea level speed & Map Data', 'row': 5}"
f_16c_block_50_30_min,F-16C Block 50 (30 min),13.7,1505.0,418.05555555555554,935.163355,812.6352850000001,"{'file': 'WarThunder_FactChecker1.xlsx', 'sheet': 'Sea level speed & Map Data', 'row': 6}"
f_15c_improved_baz_30_min,F-15C / Improved Baz (30 min),13.7,1495.0,415.27777777777777,928.949645,807.235715,"{'file': 'WarThunder_FactChecker1.xlsx', 'sheet': 'Sea level speed & Map Data', 'row': 7}"
jas39c_gripen_30_min,JAS39C Gripen (30 min),13.7,1482.0,411.66666666666663,920.8721065440001,800.216274,"{'file': 'WarThunder_FactChecker1.xlsx', 'sheet': 'Sea level speed & Map Data', 'row': 8}"
f_16d_block_40_30min,F-16D Block 40 (30min),13.7,1443.0,400.8333333333333,896.638353,779.157951,"{'file': 'WarThunder_FactChecker1.xlsx', 'sheet': 'Sea level speed & Map Data', 'row': 9}"
mig_29smt_9_19,MiG-29SMT 9.19,13.3,1555.0,431.94444444444446,966.231905,839.633135,"{'file': 'WarThunder_FactChecker1.xlsx', 'sheet': 'Sea level speed & Map Data', 'row': 10}"
su_2730_min,Su-27(30 min),13.3,1536.0,426.66666666666663,954.4258560000001,829.373952,"{'file': 'WarThunder_FactChecker1.xlsx', 'sheet': 'Sea level speed & Map Data', 'row': 11}"
tornado_adv_f_3,Tornado ADV / F.3,13.3,1493.0,414.72222222222223,927.707189656,806.155801,"{'file': 'WarThunder_FactChecker1.xlsx', 'sheet': 'Sea level speed & Map Data', 'row': 12}"
f_4f_kws,F-4F KWS,13.3,1438.0,399.44444444444446,893.531498,776.458166,"{'file': 'WarThunder_FactChecker1.xlsx', 'sheet': 'Sea level speed & Map Data', 'row': 13}"
jf_17,JF-17,13.3,1430.0,397.22222222222223,888.56053,772.13851,"{'file': 'WarThunder_FactChecker1.xlsx', 'sheet': 'Sea level speed & Map Data', 'row': 14}"
mirage_4000,Mirage 4000,13.0,1540.0,427.77777777777777,956.91134,831.53378,"{'file': 'WarThunder_FactChecker1.xlsx', 'sheet': 'Sea level speed & Map Data', 'row': 15}"
f_16a_block_15_20_30_min,F-16A Block 15 / 20 (30 min),13.0,1502.0,417.22222222222223,933.299242,811.0154140000001,"{'file': 'WarThunder_FactChecker1.xlsx', 'sheet': 'Sea level speed & Map Data', 'row': 16}"
jas39a_gripen_30_min,JAS39A Gripen (30 min),13.0,1482.0,411.66666666666663,920.8721065440001,800.216274,"{'file': 'WarThunder_FactChecker1.xlsx', 'sheet': 'Sea level speed & Map Data', 'row': 17}"
f_15a_30_min,F-15A (30 min),13.0,1460.0,405.55555555555554,907.2016600000001,788.33722,"{'file': 'WarThunder_FactChecker1.xlsx', 'sheet': 'Sea level speed & Map Data', 'row': 18}"
j_8f,J-8F,13.0,1365.0,379.1666666666667,848.171415,737.0413050000001,"{'file': 'WarThunder_FactChecker1.xlsx', 'sheet': 'Sea level speed & Map Data', 'row': 19}"
av_8b_plus,AV-8B Plus,13.0,1138.0,316.1111111111111,707.120198,614.4710660000001,"{'file': 'WarThunder_FactChecker1.xlsx', 'sheet': 'Sea level speed & Map Data', 'row': 20}"
mig_29_9_13,MiG-29 9.13,12.7,1575.0,437.5,978.659325,850.432275,"{'file': 'WarThunder_FactChecker1.xlsx', 'sheet': 'Sea level speed & Map Data', 'row': 22}"
f_16a_block_10_30_min,F-16A Block 10 (30 min),12.7,1511.0,419.72222222222223,938.891581,815.875027,"{'file': 'WarThunder_FactChecker1.xlsx', 'sheet': 'Sea level speed & Map Data', 'row': 23}"
f_14b,F-14B,12.7,1377.0,382.5,855.627867,743.520789,"{'file': 'WarThunder_FactChecker1.xlsx', 'sheet': 'Sea level speed & Map Data', 'row': 24}"
f_20,F-20,12.7,1369.0,380.27777777777777,850.656899,739.201133,"{'file': 'WarThunder_FactChecker1.xlsx', 'sheet': 'Sea level speed & Map Data', 'row': 25}"
yak_141,Yak-141,12.7,1279.0,355.27777777777777,794.733509,690.605003,"{'file': 'WarThunder_FactChecker1.xlsx', 'sheet': 'Sea level speed & Map Data', 'row': 26}"
mirage_2000_valid_for_all_variants,Mirage 2000 (valid for all variants),12.3,1512.0,420.0,939.512952,816.414984,"{'file': 'WarThunder_FactChecker1.xlsx', 'sheet': 'Sea level speed & Map Data', 'row': 27}"
f_14a,F-14A,12.3,1474.0,409.44444444444446,915.900854,795.896618,"{'file': 'WarThunder_FactChecker1.xlsx', 'sheet': 'Sea level speed & Map Data', 'row': 28}"
f_4ej,F-4EJ,12.3,1417.0,393.6111111111111,880.482707,765.1190690000001,"{'file': 'WarThunder_FactChecker1.xlsx', 'sheet': 'Sea level speed & Map Data', 'row': 29}"
mig_21bis_lazur_m_upg,MiG-21Bis / “Lazur-M” / UPG,12.3,1365.0,379.1666666666667,848.171415,737.0413050000001,"{'file': 'WarThunder_FactChecker1.xlsx', 'sheet': 'Sea level speed & Map Data', 'row': 30}"
jh_7a,JH-7A,12.3,1331.0,369.72222222222223,827.044801,718.682767,"{'file': 'WarThunder_FactChecker1.xlsx', 'sheet': 'Sea level speed & Map Data', 'row': 31}"
harrier_ii_gr_7,Harrier II GR.7,12.3,1131.0,314.1666666666667,702.7708181520001,610.691367,"{'file': 'WarThunder_FactChecker1.xlsx', 'sheet': 'Sea level speed & Map Data', 'row': 32}"
tornado_adv_f_3,Tornado ADV / F.3,12.0,1493.0,414.72222222222223,927.707189656,806.155801,"{'file': 'WarThunder_FactChecker1.xlsx', 'sheet': 'Sea level speed & Map Data', 'row': 33}"
kurnass_30_min,Kurnass (30 min),12.0,1438.0,399.44444444444446,893.531498,776.458166,"{'file': 'WarThunder_FactChecker1.xlsx', 'sheet': 'Sea level speed & Map Data', 'row': 34}"
f_4j_j_uk,F-4J/J (UK),12.0,1432.0,397.77777777777777,889.803272,773.218424,"{'file': 'WarThunder_FactChecker1.xlsx', 'sheet': 'Sea level speed & Map Data', 'row': 35}"
f_4s,F-4S,12.0,1348.0,374.44444444444446,837.608108,727.862036,"{'file': 'WarThunder_FactChecker1.xlsx', 'sheet': 'Sea level speed & Map Data', 'row': 36}"
f_111f,F-111F,11.7,1617.0,449.16666666666663,1004.756907,873.1104690000001,"{'file': 'WarThunder_FactChecker1.xlsx', 'sheet': 'Sea level speed & Map Data', 'row': 37}"
ja37d,JA37D,11.7,1497.0,415.8333333333333,930.192387,808.3156290000001,"{'file': 'WarThunder_FactChecker1.xlsx', 'sheet': 'Sea level speed & Map Data', 'row': 38}"
kfir_c_7,Kfir C.7,11.7,1460.0,405.55555555555554,907.2016600000001,788.33722,"{'file': 'WarThunder_FactChecker1.xlsx', 'sheet': 'Sea level speed & Map Data', 'row': 39}"
mirage_f1c_f1ct,Mirage F1C / F1CT,11.7,1457.0,404.72222222222223,905.337547,786.717349,"{'file': 'WarThunder_FactChecker1.xlsx', 'sheet': 'Sea level speed & Map Data', 'row': 40}"
tornado_ids,Tornado IDS,11.7,1441.0,400.27777777777777,895.395611,778.078037,"{'file': 'WarThunder_FactChecker1.xlsx', 'sheet': 'Sea level speed & Map Data', 'row': 41}"
tornado_gr_1,Tornado GR.1,11.7,1411.0,391.94444444444446,876.7547519120001,761.879327,"{'file': 'WarThunder_FactChecker1.xlsx', 'sheet': 'Sea level speed & Map Data', 'row': 42}"
j_8b,J-8B,11.7,1365.0,379.1666666666667,848.171415,737.0413050000001,"{'file': 'WarThunder_FactChecker1.xlsx', 'sheet': 'Sea level speed & Map Data', 'row': 43}"
f_5e_fcu,F-5E FCU,11.7,1282.0,356.1111111111111,796.597622,692.224874,"{'file': 'WarThunder_FactChecker1.xlsx', 'sheet': 'Sea level speed & Map Data', 'row': 44}"
av_8b_na,AV-8B NA,11.7,1131.0,314.1666666666667,702.770601,610.691367,"{'file': 'WarThunder_FactChecker1.xlsx', 'sheet': 'Sea level speed & Map Data', 'row': 45}"
su_39,Su-39,11.7,1055.0,293.05555555555554,655.546405,569.654635,"{'file': 'WarThunder_FactChecker1.xlsx', 'sheet': 'Sea level speed & Map Data', 'row': 46}"
a_10c,A-10C,11.7,722.0,200.55555555555554,448.629862,389.848954,"{'file': 'WarThunder_FactChecker1.xlsx', 'sheet': 'Sea level speed & Map Data', 'row': 47}"
ja37c_ajs37,JA37C/AJS37,11.3,1497.0,415.8333333333333,930.192387,808.3156290000001,"{'file': 'WarThunder_FactChecker1.xlsx', 'sheet': 'Sea level speed & Map Data', 'row': 48}"
mig_23mla,MiG-23MLA,11.3,1470.0,408.3333333333333,913.41537,793.73679,"{'file': 'WarThunder_FactChecker1.xlsx', 'sheet': 'Sea level speed & Map Data', 'row': 49}"
mig_23ml,MiG-23ML,11.3,1470.0,408.3333333333333,913.41537,793.73679,"{'file': 'WarThunder_FactChecker1.xlsx', 'sheet': 'Sea level speed & Map Data', 'row': 50}"
mig_23mld,MiG-23MLD,11.3,1470.0,408.3333333333333,913.41537,793.73679,"{'file': 'WarThunder_FactChecker1.xlsx', 'sheet': 'Sea level speed & Map Data', 'row': 51}"
kfir_c_2,Kfir C.2,11.3,1460.0,405.55555555555554,907.2016600000001,788.33722,"{'file': 'WarThunder_FactChecker1.xlsx', 'sheet': 'Sea level speed & Map Data', 'row': 52}"
phantom_fg_1,Phantom FG.1,11.3,1458.0,405.0,905.959197936,787.2573060000001,"{'file': 'WarThunder_FactChecker1.xlsx', 'sheet': 'Sea level speed & Map Data', 'row': 53}"
phantom_fgr_2,Phantom FGR.2,11.3,1458.0,405.0,905.959197936,787.2573060000001,"{'file': 'WarThunder_FactChecker1.xlsx', 'sheet': 'Sea level speed & Map Data', 'row': 54}"
tornado_ids_wtd,Tornado IDS WTD,11.3,1441.0,400.27777777777777,895.395611,778.078037,"{'file': 'WarThunder_FactChecker1.xlsx', 'sheet': 'Sea level speed & Map Data', 'row': 55}"
j_7d,J-7D,11.3,1365.0,379.1666666666667,848.171415,737.0413050000001,"{'file': 'WarThunder_FactChecker1.xlsx', 'sheet': 'Sea level speed & Map Data', 'row': 56}"
su_24,Su-24,11.3,1358.0,377.22222222222223,843.821818,733.261606,"{'file': 'WarThunder_FactChecker1.xlsx', 'sheet': 'Sea level speed & Map Data', 'row': 57}"
f_5e,F-5E,11.3,1282.0,356.1111111111111,796.597622,692.224874,"{'file': 'WarThunder_FactChecker1.xlsx', 'sheet': 'Sea level speed & Map Data', 'row': 58}"
amx_amx_a_1a,AMX / AMX A-1A,11.3,1154.0,320.55555555555554,717.062134,623.110378,"{'file': 'WarThunder_FactChecker1.xlsx', 'sheet': 'Sea level speed & Map Data', 'row': 59}"
sea_harrier_frs_1,Sea Harrier FRS.1,11.3,1139.0,316.38888888888886,707.741787688,615.011023,"{'file': 'WarThunder_FactChecker1.xlsx', 'sheet': 'Sea level speed & Map Data', 'row': 60}"
aj37_viggen,AJ37 Viggen,11.0,1470.0,408.3333333333333,913.41537,793.73679,"{'file': 'WarThunder_FactChecker1.xlsx', 'sheet': 'Sea level speed & Map Data', 'row': 61}"
kfir_canard,Kfir Canard,11.0,1460.0,405.55555555555554,907.2016600000001,788.33722,"{'file': 'WarThunder_FactChecker1.xlsx', 'sheet': 'Sea level speed & Map Data', 'row': 62}"
su_17_su_22m4,Su-17/Su-22M4,11.0,1417.0,393.6111111111111,880.482707,765.1190690000001,"{'file': 'WarThunder_FactChecker1.xlsx', 'sheet': 'Sea level speed & Map Data', 'row': 63}"
su_22m3,Su-22M3,11.0,1417.0,393.6111111111111,880.482707,765.1190690000001,"{'file': 'WarThunder_FactChecker1.xlsx', 'sheet': 'Sea level speed & Map Data', 'row': 64}"
j35xs_draken,J35XS Draken,11.0,1417.0,393.6111111111111,880.482707,765.1190690000001,"{'file': 'WarThunder_FactChecker1.xlsx', 'sheet': 'Sea level speed & Map Data', 'row': 65}"
mirage_iiie,Mirage IIIE,11.0,1413.0,392.5,877.997223,762.959241,"{'file': 'WarThunder_FactChecker1.xlsx', 'sheet': 'Sea level speed & Map Data', 'row': 66}"
mig_21bis,MiG-21Bis,11.0,1365.0,379.1666666666667,848.171415,737.0413050000001,"{'file': 'WarThunder_FactChecker1.xlsx', 'sheet': 'Sea level speed & Map Data', 'row': 67}"
j_7e_24_min,J-7E (24 min),11.0,1365.0,379.1666666666667,848.171415,737.0413050000001,"{'file': 'WarThunder_FactChecker1.xlsx', 'sheet': 'Sea level speed & Map Data', 'row': 68}"
f_104g,F-104G,10.7,1454.0,403.88888888888886,903.473434,785.097478,"{'file': 'WarThunder_FactChecker1.xlsx', 'sheet': 'Sea level speed & Map Data', 'row': 69}"
f_4e_f_30_min,F-4E/F (30 min),10.7,1438.0,399.44444444444446,893.531498,776.458166,"{'file': 'WarThunder_FactChecker1.xlsx', 'sheet': 'Sea level speed & Map Data', 'row': 70}"
su_17m2,Su-17M2,10.7,1417.0,393.6111111111111,880.482707,765.1190690000001,"{'file': 'WarThunder_FactChecker1.xlsx', 'sheet': 'Sea level speed & Map Data', 'row': 71}"
f_4ej,F-4EJ,10.7,1417.0,393.6111111111111,880.482707,765.1190690000001,"{'file': 'WarThunder_FactChecker1.xlsx', 'sheet': 'Sea level speed & Map Data', 'row': 72}"
f_4c_w_gunpod_1_1_deg_s_w_o,F-4C (w/ gunpod | + ~1.1 deg/s w/o),10.7,1373.0,381.38888888888886,853.142383,741.360961,"{'file': 'WarThunder_FactChecker1.xlsx', 'sheet': 'Sea level speed & Map Data', 'row': 73}"
mig_21smt,MiG-21SMT,10.7,1365.0,379.1666666666667,848.171415,737.0413050000001,"{'file': 'WarThunder_FactChecker1.xlsx', 'sheet': 'Sea level speed & Map Data', 'row': 74}"
jaguar_a,Jaguar A,10.7,1265.0,351.38888888888886,786.034315,683.045605,"{'file': 'WarThunder_FactChecker1.xlsx', 'sheet': 'Sea level speed & Map Data', 'row': 75}"
f_5a_f_5c,F-5A/F-5C,10.7,1250.0,347.22222222222223,776.71375,674.9462500000001,"{'file': 'WarThunder_FactChecker1.xlsx', 'sheet': 'Sea level speed & Map Data', 'row': 76}"
q_5l_30_min,Q-5L (30 min),10.7,1223.0,339.72222222222223,759.936733,660.3674110000001,"{'file': 'WarThunder_FactChecker1.xlsx', 'sheet': 'Sea level speed & Map Data', 'row': 77}"
a_5c,A-5C,10.7,1223.0,339.72222222222223,759.936733,660.3674110000001,"{'file': 'WarThunder_FactChecker1.xlsx', 'sheet': 'Sea level speed & Map Data', 'row': 78}"
buccanneer_s_2b_no_bombs,Buccanneer S.2B (no bombs),10.7,1160.0,322.22222222222223,720.79058272,626.3501200000001,"{'file': 'WarThunder_FactChecker1.xlsx', 'sheet': 'Sea level speed & Map Data', 'row': 79}"
sea_harrier_frs_1,Sea Harrier FRS.1,10.7,1139.0,316.38888888888886,707.741787688,615.011023,"{'file': 'WarThunder_FactChecker1.xlsx', 'sheet': 'Sea level speed & Map Data', 'row': 80}"
a_7k,A-7K,10.7,1117.0,310.27777777777777,694.071407,603.131969,"{'file': 'WarThunder_FactChecker1.xlsx', 'sheet': 'Sea level speed & Map Data', 'row': 81}"
a_6e_tram,A-6E TRAM,10.7,1057.0,293.6111111111111,656.789147,570.734549,"{'file': 'WarThunder_FactChecker1.xlsx', 'sheet': 'Sea level speed & Map Data', 'row': 82}"
su_25k,Su-25K,10.7,1057.0,293.6111111111111,656.789147,570.734549,"{'file': 'WarThunder_FactChecker1.xlsx', 'sheet': 'Sea level speed & Map Data', 'row': 83}"
a_10a,A-10A,10.7,722.0,200.55555555555554,448.629862,389.848954,"{'file': 'WarThunder_FactChecker1.xlsx', 'sheet': 'Sea level speed & Map Data', 'row': 84}"
mig_21mf,MiG-21MF,10.7,0.0,0.0,0.0,0.0,"{'file': 'WarThunder_FactChecker1.xlsx', 'sheet': 'Sea level speed & Map Data', 'row': 85}"
f_111a,F-111A,10.3,1507.0,418.6111111111111,936.406097,813.715199,"{'file': 'WarThunder_FactChecker1.xlsx', 'sheet': 'Sea level speed & Map Data', 'row': 86}"
mirage_iiic_shahak,Mirage IIIC/Shahak,10.3,1392.0,386.66666666666663,864.948432,751.620144,"{'file': 'WarThunder_FactChecker1.xlsx', 'sheet': 'Sea level speed & Map Data', 'row': 87}"
f_1,F-1,10.3,1314.0,365.0,816.481494,709.503498,"{'file': 'WarThunder_FactChecker1.xlsx', 'sheet': 'Sea level speed & Map Data', 'row': 88}"
jaguar_gr_1a,Jaguar GR.1A,10.3,1273.0,353.6111111111111,791.0055274160001,687.365261,"{'file': 'WarThunder_FactChecker1.xlsx', 'sheet': 'Sea level speed & Map Data', 'row': 89}"
f_8e,F-8E,10.3,1230.0,341.6666666666667,764.28633,664.14711,"{'file': 'WarThunder_FactChecker1.xlsx', 'sheet': 'Sea level speed & Map Data', 'row': 90}"
q_5a,Q-5A,10.3,1224.0,340.0,760.558104,660.907368,"{'file': 'WarThunder_FactChecker1.xlsx', 'sheet': 'Sea level speed & Map Data', 'row': 91}"
super_etenard_ivm,Super Etenard IVM,10.3,1218.0,338.3333333333333,756.829878,657.667626,"{'file': 'WarThunder_FactChecker1.xlsx', 'sheet': 'Sea level speed & Map Data', 'row': 92}"
a_7e,A-7E,10.3,1117.0,310.27777777777777,694.071407,603.131969,"{'file': 'WarThunder_FactChecker1.xlsx', 'sheet': 'Sea level speed & Map Data', 'row': 93}"
f_104j,F-104J,10.0,1448.0,402.22222222222223,899.745208,781.857736,"{'file': 'WarThunder_FactChecker1.xlsx', 'sheet': 'Sea level speed & Map Data', 'row': 94}"
mirage_5f,Mirage 5F,10.0,1413.0,392.5,877.997223,762.959241,"{'file': 'WarThunder_FactChecker1.xlsx', 'sheet': 'Sea level speed & Map Data', 'row': 95}"
mig_21s,MiG-21S,10.0,1361.0,378.05555555555554,845.685931,734.881477,"{'file': 'WarThunder_FactChecker1.xlsx', 'sheet': 'Sea level speed & Map Data', 'row': 96}"
mig_21pfm,MiG-21PFM,10.0,1300.0,361.1111111111111,807.7823,701.9441,"{'file': 'WarThunder_FactChecker1.xlsx', 'sheet': 'Sea level speed & Map Data', 'row': 97}"
jaguar_gr_1,Jaguar GR.1,10.0,1265.0,351.38888888888886,786.03455788,683.045605,"{'file': 'WarThunder_FactChecker1.xlsx', 'sheet': 'Sea level speed & Map Data', 'row': 98}"
su_7bkl,Su-7BKL,10.0,1260.0,350.0,782.92746,680.34582,"{'file': 'WarThunder_FactChecker1.xlsx', 'sheet': 'Sea level speed & Map Data', 'row': 99}"
f_8efn,F-8E(FN),10.0,1230.0,341.6666666666667,764.28633,664.14711,"{'file': 'WarThunder_FactChecker1.xlsx', 'sheet': 'Sea level speed & Map Data', 'row': 100}"
f8u_2_30_min,F8U-2 (30 min),10.0,1218.0,338.3333333333333,756.829878,657.667626,"{'file': 'WarThunder_FactChecker1.xlsx', 'sheet': 'Sea level speed & Map Data', 'row': 101}"
f_104a,F-104A,9.7,1450.0,402.77777777777777,900.98795,782.9376500000001,"{'file': 'WarThunder_FactChecker1.xlsx', 'sheet': 'Sea level speed & Map Data', 'row': 102}"
f_104c,F-104C,9.7,1440.0,400.0,894.77424,777.53808,"{'file': 'WarThunder_FactChecker1.xlsx', 'sheet': 'Sea level speed & Map Data', 'row': 103}"
mig_23bn,MiG-23BN,9.7,1425.0,395.8333333333333,885.453675,769.438725,"{'file': 'WarThunder_FactChecker1.xlsx', 'sheet': 'Sea level speed & Map Data', 'row': 104}"
lightning_f_6,Lightning F.6,9.7,1361.0,378.05555555555554,845.686192312,734.881477,"{'file': 'WarThunder_FactChecker1.xlsx', 'sheet': 'Sea level speed & Map Data', 'row': 105}"
j_7_ii,J-7 II,9.7,1323.0,367.5,822.073833,714.363111,"{'file': 'WarThunder_FactChecker1.xlsx', 'sheet': 'Sea level speed & Map Data', 'row': 106}"
t_2,T-2,9.7,1314.0,365.0,816.481494,709.503498,"{'file': 'WarThunder_FactChecker1.xlsx', 'sheet': 'Sea level speed & Map Data', 'row': 107}"
mig_21f_13,MiG-21F-13,9.7,1260.0,350.0,782.92746,680.34582,"{'file': 'WarThunder_FactChecker1.xlsx', 'sheet': 'Sea level speed & Map Data', 'row': 108}"
su_7b,Su-7B,9.7,1260.0,350.0,782.92746,680.34582,"{'file': 'WarThunder_FactChecker1.xlsx', 'sheet': 'Sea level speed & Map Data', 'row': 109}"
f_100a,F-100A,9.7,1229.0,341.38888888888886,763.664959,663.607153,"{'file': 'WarThunder_FactChecker1.xlsx', 'sheet': 'Sea level speed & Map Data', 'row': 110}"
f_100d,F-100D,9.7,1220.0,338.88888888888886,758.07262,658.7475400000001,"{'file': 'WarThunder_FactChecker1.xlsx', 'sheet': 'Sea level speed & Map Data', 'row': 111}"
f_100f,F-100F,9.7,1217.0,338.05555555555554,756.208507,657.127669,"{'file': 'WarThunder_FactChecker1.xlsx', 'sheet': 'Sea level speed & Map Data', 'row': 112}"
mig_19s,MiG-19S,9.7,1208.0,335.55555555555554,750.616168,652.268056,"{'file': 'WarThunder_FactChecker1.xlsx', 'sheet': 'Sea level speed & Map Data', 'row': 113}"
mig_19pt_j_6a,MiG-19PT / J-6A,9.7,1205.0,334.72222222222223,748.752055,650.648185,"{'file': 'WarThunder_FactChecker1.xlsx', 'sheet': 'Sea level speed & Map Data', 'row': 114}"
hunter_f_6,Hunter F.6,9.7,1152.0,320.0,715.819613184,622.030464,"{'file': 'WarThunder_FactChecker1.xlsx', 'sheet': 'Sea level speed & Map Data', 'row': 115}"
hunter_f_58,Hunter F.58,9.7,1152.0,320.0,715.819392,622.030464,"{'file': 'WarThunder_FactChecker1.xlsx', 'sheet': 'Sea level speed & Map Data', 'row': 116}"
av_8a_c,AV-8A/C,9.7,1138.0,316.1111111111111,707.120198,614.4710660000001,"{'file': 'WarThunder_FactChecker1.xlsx', 'sheet': 'Sea level speed & Map Data', 'row': 117}"
j32b,J32B,9.7,1137.0,315.8333333333333,706.498827,613.931109,"{'file': 'WarThunder_FactChecker1.xlsx', 'sheet': 'Sea level speed & Map Data', 'row': 118}"
harrier_gr_1_3,Harrier GR.1/3,9.7,1135.0,315.27777777777777,705.25630292,612.8511950000001,"{'file': 'WarThunder_FactChecker1.xlsx', 'sheet': 'Sea level speed & Map Data', 'row': 119}"
g_91_ys,G.91 YS,9.7,1124.0,312.22222222222223,698.421004,606.9116680000001,"{'file': 'WarThunder_FactChecker1.xlsx', 'sheet': 'Sea level speed & Map Data', 'row': 120}"
ayita_4n,Ayit(A-4N),9.7,1104.0,306.6666666666667,685.993584,596.112528,"{'file': 'WarThunder_FactChecker1.xlsx', 'sheet': 'Sea level speed & Map Data', 'row': 121}"
yak_38m,Yak-38M,9.3,1213.0,336.94444444444446,753.723023,654.967841,"{'file': 'WarThunder_FactChecker1.xlsx', 'sheet': 'Sea level speed & Map Data', 'row': 122}"
q_5_early,Q-5 Early,9.3,1210.0,336.1111111111111,751.85891,653.34797,"{'file': 'WarThunder_FactChecker1.xlsx', 'sheet': 'Sea level speed & Map Data', 'row': 123}"
yak_38,Yak-38,9.3,1208.0,335.55555555555554,750.616168,652.268056,"{'file': 'WarThunder_FactChecker1.xlsx', 'sheet': 'Sea level speed & Map Data', 'row': 124}"
buccanneer_s_2_no_bombs,Buccanneer S.2 (no bombs),9.3,1160.0,322.22222222222223,720.79058272,626.3501200000001,"{'file': 'WarThunder_FactChecker1.xlsx', 'sheet': 'Sea level speed & Map Data', 'row': 125}"
f3h_2,F3H-2,9.3,1155.0,320.8333333333333,717.683505,623.650335,"{'file': 'WarThunder_FactChecker1.xlsx', 'sheet': 'Sea level speed & Map Data', 'row': 126}"
f4d_1,F4D-1,9.3,1154.0,320.55555555555554,717.062134,623.110378,"{'file': 'WarThunder_FactChecker1.xlsx', 'sheet': 'Sea level speed & Map Data', 'row': 127}"
shenyang_f_5,Shenyang F-5,9.3,1149.0,319.1666666666667,713.955279,620.4105930000001,"{'file': 'WarThunder_FactChecker1.xlsx', 'sheet': 'Sea level speed & Map Data', 'row': 128}"
harrier_gr_1_3_100,Harrier GR.1/3 (100%),9.3,1135.0,315.27777777777777,705.25630292,612.8511950000001,"{'file': 'WarThunder_FactChecker1.xlsx', 'sheet': 'Sea level speed & Map Data', 'row': 129}"
yak_28b_no_bombs,Yak-28B (no bombs),9.3,1124.0,312.22222222222223,698.421004,606.9116680000001,"{'file': 'WarThunder_FactChecker1.xlsx', 'sheet': 'Sea level speed & Map Data', 'row': 130}"
g_91_y,G.91 Y,9.3,1124.0,312.22222222222223,698.421004,606.9116680000001,"{'file': 'WarThunder_FactChecker1.xlsx', 'sheet': 'Sea level speed & Map Data', 'row': 131}"
cl_13b_mk_6,CL-13B Mk.6,9.3,1122.0,311.6666666666667,697.178262,605.831754,"{'file': 'WarThunder_FactChecker1.xlsx', 'sheet': 'Sea level speed & Map Data', 'row': 132}"
j34,J34,9.3,1119.0,310.8333333333333,695.314149,604.2118830000001,"{'file': 'WarThunder_FactChecker1.xlsx', 'sheet': 'Sea level speed & Map Data', 'row': 133}"
etendard_ivm,Etendard IVM,9.3,1118.0,310.55555555555554,694.692778,603.671926,"{'file': 'WarThunder_FactChecker1.xlsx', 'sheet': 'Sea level speed & Map Data', 'row': 134}"
f_86k,F-86K,9.3,1111.0,308.6111111111111,690.343181,599.892227,"{'file': 'WarThunder_FactChecker1.xlsx', 'sheet': 'Sea level speed & Map Data', 'row': 135}"
f_86f_40,F-86F-40,9.3,1106.0,307.22222222222223,687.236326,597.192442,"{'file': 'WarThunder_FactChecker1.xlsx', 'sheet': 'Sea level speed & Map Data', 'row': 136}"
a_4e_early,A-4E Early,9.3,1083.0,300.8333333333333,672.944793,584.7734310000001,"{'file': 'WarThunder_FactChecker1.xlsx', 'sheet': 'Sea level speed & Map Data', 'row': 137}"
f11f_1,F11F-1,9.0,1211.0,336.38888888888886,752.480281,653.887927,"{'file': 'WarThunder_FactChecker1.xlsx', 'sheet': 'Sea level speed & Map Data', 'row': 138}"
hunter_f_6,Hunter F.6,9.0,1152.0,320.0,715.819613184,622.030464,"{'file': 'WarThunder_FactChecker1.xlsx', 'sheet': 'Sea level speed & Map Data', 'row': 139}"
mig_17f_lim_5p,MiG-17F / Lim-5P,9.0,1149.0,319.1666666666667,713.955279,620.4105930000001,"{'file': 'WarThunder_FactChecker1.xlsx', 'sheet': 'Sea level speed & Map Data', 'row': 140}"
mig_17_j_4_mig_17as,MiG-17 / J-4 / MiG-17AS,9.0,1125.0,312.5,699.042375,607.451625,"{'file': 'WarThunder_FactChecker1.xlsx', 'sheet': 'Sea level speed & Map Data', 'row': 141}"
ariete,Ariete,9.0,1123.0,311.94444444444446,697.799633,606.371711,"{'file': 'WarThunder_FactChecker1.xlsx', 'sheet': 'Sea level speed & Map Data', 'row': 142}"
buccaneer_s_1,Buccaneer S.1,9.0,1120.0,311.1111111111111,695.93573504,604.75184,"{'file': 'WarThunder_FactChecker1.xlsx', 'sheet': 'Sea level speed & Map Data', 'row': 143}"
cl_13a_mk_5,CL-13A Mk.5,9.0,1114.0,309.44444444444446,692.207294,601.512098,"{'file': 'WarThunder_FactChecker1.xlsx', 'sheet': 'Sea level speed & Map Data', 'row': 144}"
hunter_f_1,Hunter F.1,9.0,1113.0,309.1666666666667,691.586136696,600.9721410000001,"{'file': 'WarThunder_FactChecker1.xlsx', 'sheet': 'Sea level speed & Map Data', 'row': 145}"
a32a,A32A,9.0,1109.0,308.05555555555554,689.100439,598.812313,"{'file': 'WarThunder_FactChecker1.xlsx', 'sheet': 'Sea level speed & Map Data', 'row': 146}"
f_86f_2_f_25,F-86F-2/F-25,9.0,1106.0,307.22222222222223,687.236326,597.192442,"{'file': 'WarThunder_FactChecker1.xlsx', 'sheet': 'Sea level speed & Map Data', 'row': 147}"
ffa_p_16,FFA P-16,9.0,1100.0,305.55555555555554,683.5081,593.9527,"{'file': 'WarThunder_FactChecker1.xlsx', 'sheet': 'Sea level speed & Map Data', 'row': 148}"
s_o_4050_iia,S.O.4050 IIA,9.0,1100.0,305.55555555555554,683.5081,593.9527,"{'file': 'WarThunder_FactChecker1.xlsx', 'sheet': 'Sea level speed & Map Data', 'row': 149}"
fj_4b,FJ-4B,9.0,1092.0,303.3333333333333,678.537132,589.633044,"{'file': 'WarThunder_FactChecker1.xlsx', 'sheet': 'Sea level speed & Map Data', 'row': 150}"
fj_4b_vmf_232,FJ-4B VMF-232,9.0,1092.0,303.3333333333333,678.537132,589.633044,"{'file': 'WarThunder_FactChecker1.xlsx', 'sheet': 'Sea level speed & Map Data', 'row': 151}"
g_91_r,G.91 R,9.0,1087.0,301.94444444444446,675.430277,586.933259,"{'file': 'WarThunder_FactChecker1.xlsx', 'sheet': 'Sea level speed & Map Data', 'row': 152}"
alpha_jet_a_e,Alpha Jet A/E,9.0,1077.0,299.1666666666667,669.216567,581.533689,"{'file': 'WarThunder_FactChecker1.xlsx', 'sheet': 'Sea level speed & Map Data', 'row': 153}"
a_4b,A-4B,9.0,1064.0,295.55555555555554,661.138744,574.5142480000001,"{'file': 'WarThunder_FactChecker1.xlsx', 'sheet': 'Sea level speed & Map Data', 'row': 154}"
venom_fb_4,Venom FB.4,9.0,1028.0,285.55555555555554,638.769585376,555.075796,"{'file': 'WarThunder_FactChecker1.xlsx', 'sheet': 'Sea level speed & Map Data', 'row': 155}"
scimitar_f_mk_1,Scimitar F Mk.1,8.7,1162.0,322.77777777777777,722.033325104,627.430034,"{'file': 'WarThunder_FactChecker1.xlsx', 'sheet': 'Sea level speed & Map Data', 'row': 156}"
mystere_iva,Mystere IVA,8.7,1116.0,310.0,693.450036,602.5920120000001,"{'file': 'WarThunder_FactChecker1.xlsx', 'sheet': 'Sea level speed & Map Data', 'row': 157}"
f_86f_2_f_25,F-86F-2/F-25,8.7,1106.0,307.22222222222223,687.236326,597.192442,"{'file': 'WarThunder_FactChecker1.xlsx', 'sheet': 'Sea level speed & Map Data', 'row': 158}"
swift_f_7,Swift F.7,8.7,1106.0,307.22222222222223,687.236326,597.192442,"{'file': 'WarThunder_FactChecker1.xlsx', 'sheet': 'Sea level speed & Map Data', 'row': 159}"
f_86f_30,F-86F-30,8.7,1106.0,307.22222222222223,687.236326,597.192442,"{'file': 'WarThunder_FactChecker1.xlsx', 'sheet': 'Sea level speed & Map Data', 'row': 160}"
f_84f,F-84F,8.7,1102.0,306.1111111111111,684.750842,595.032614,"{'file': 'WarThunder_FactChecker1.xlsx', 'sheet': 'Sea level speed & Map Data', 'row': 161}"
f_86a_5,F-86A-5,8.7,1092.0,303.3333333333333,678.537132,589.633044,"{'file': 'WarThunder_FactChecker1.xlsx', 'sheet': 'Sea level speed & Map Data', 'row': 162}"
g_91_r,G.91 R,8.7,1087.0,301.94444444444446,675.430277,586.933259,"{'file': 'WarThunder_FactChecker1.xlsx', 'sheet': 'Sea level speed & Map Data', 'row': 163}"
mig_15bis_j_2,MiG-15bis / J-2,8.7,1079.0,299.72222222222223,670.459309,582.613603,"{'file': 'WarThunder_FactChecker1.xlsx', 'sheet': 'Sea level speed & Map Data', 'row': 164}"
j29f,J29F,8.7,1053.0,292.5,654.303663,568.5747210000001,"{'file': 'WarThunder_FactChecker1.xlsx', 'sheet': 'Sea level speed & Map Data', 'row': 165}"
m_d_452c,M.D 452C,8.7,1048.0,291.1111111111111,651.196808,565.874936,"{'file': 'WarThunder_FactChecker1.xlsx', 'sheet': 'Sea level speed & Map Data', 'row': 166}"
javelin_f_mk_9,Javelin F. Mk.9,8.7,1041.0,289.1666666666667,646.8474108720001,562.095237,"{'file': 'WarThunder_FactChecker1.xlsx', 'sheet': 'Sea level speed & Map Data', 'row': 167}"
sea_vixen_faw_mk_2,Sea Vixen FAW Mk.2,8.3,1136.0,315.55555555555554,705.877674112,613.391152,"{'file': 'WarThunder_FactChecker1.xlsx', 'sheet': 'Sea level speed & Map Data', 'row': 168}"
a_4h,A-4H,8.3,1090.0,302.77777777777777,677.29439,588.55313,"{'file': 'WarThunder_FactChecker1.xlsx', 'sheet': 'Sea level speed & Map Data', 'row': 169}"
swift_f_1,Swift F.1,8.3,1072.0,297.77777777777777,666.109917824,578.8339040000001,"{'file': 'WarThunder_FactChecker1.xlsx', 'sheet': 'Sea level speed & Map Data', 'row': 170}"
mig_15,MiG-15,8.3,1056.0,293.3333333333333,656.167776,570.1945920000001,"{'file': 'WarThunder_FactChecker1.xlsx', 'sheet': 'Sea level speed & Map Data', 'row': 171}"
m_d_452a,M.D 452A,8.3,1033.0,286.94444444444446,641.876243,557.775581,"{'file': 'WarThunder_FactChecker1.xlsx', 'sheet': 'Sea level speed & Map Data', 'row': 172}"
f9f_8,F9F-8,8.3,1032.0,286.6666666666667,641.254872,557.235624,"{'file': 'WarThunder_FactChecker1.xlsx', 'sheet': 'Sea level speed & Map Data', 'row': 173}"
a29b,A29B,8.3,1014.0,281.6666666666667,630.070194,547.516398,"{'file': 'WarThunder_FactChecker1.xlsx', 'sheet': 'Sea level speed & Map Data', 'row': 174}"
g_91_pre,G.91 pre,8.3,1011.0,280.8333333333333,628.206081,545.896527,"{'file': 'WarThunder_FactChecker1.xlsx', 'sheet': 'Sea level speed & Map Data', 'row': 175}"
f9f_5,F9F-5,8.3,987.0,274.1666666666667,613.293177,532.937559,"{'file': 'WarThunder_FactChecker1.xlsx', 'sheet': 'Sea level speed & Map Data', 'row': 176}"
saab_105oe,SAAB 105OE,8.3,973.0,270.27777777777777,604.593983,525.378161,"{'file': 'WarThunder_FactChecker1.xlsx', 'sheet': 'Sea level speed & Map Data', 'row': 177}"
saab_105g,SAAB 105G,8.3,973.0,270.27777777777777,604.593983,525.378161,"{'file': 'WarThunder_FactChecker1.xlsx', 'sheet': 'Sea level speed & Map Data', 'row': 178}"
me_163_b_0,Me-163 B-0,8.3,969.0,269.1666666666667,602.108499,523.218333,"{'file': 'WarThunder_FactChecker1.xlsx', 'sheet': 'Sea level speed & Map Data', 'row': 179}"
f9f_2,F9F-2,8.3,948.0,263.3333333333333,589.059708,511.879236,"{'file': 'WarThunder_FactChecker1.xlsx', 'sheet': 'Sea level speed & Map Data', 'row': 180}"
la_200,La-200,8.0,1102.0,306.1111111111111,684.750842,595.032614,"{'file': 'WarThunder_FactChecker1.xlsx', 'sheet': 'Sea level speed & Map Data', 'row': 181}"
sagittario_2,Sagittario 2,8.0,1054.0,292.77777777777777,654.925034,569.114678,"{'file': 'WarThunder_FactChecker1.xlsx', 'sheet': 'Sea level speed & Map Data', 'row': 182}"
yak_30d,Yak-30D,8.0,1032.0,286.6666666666667,641.254872,557.235624,"{'file': 'WarThunder_FactChecker1.xlsx', 'sheet': 'Sea level speed & Map Data', 'row': 183}"
j29a,J29A,8.0,1014.0,281.6666666666667,630.070194,547.516398,"{'file': 'WarThunder_FactChecker1.xlsx', 'sheet': 'Sea level speed & Map Data', 'row': 184}"
me_262c2,Me-262C2,8.0,1008.0,280.0,626.341968,544.276656,"{'file': 'WarThunder_FactChecker1.xlsx', 'sheet': 'Sea level speed & Map Data', 'row': 185}"
f_84g,F-84G,8.0,980.0,272.22222222222223,608.94358,529.15786,"{'file': 'WarThunder_FactChecker1.xlsx', 'sheet': 'Sea level speed & Map Data', 'row': 186}"
sea_venom_faw_20,Sea Venom FAW 20,8.0,970.0,269.44444444444446,602.7300562400001,523.75829,"{'file': 'WarThunder_FactChecker1.xlsx', 'sheet': 'Sea level speed & Map Data', 'row': 187}"
me_163b,Me-163B,8.0,969.0,269.1666666666667,602.108499,523.218333,"{'file': 'WarThunder_FactChecker1.xlsx', 'sheet': 'Sea level speed & Map Data', 'row': 188}"
meteor_f_8,Meteor F.8,8.0,966.0,268.3333333333333,600.244571472,521.598462,"{'file': 'WarThunder_FactChecker1.xlsx', 'sheet': 'Sea level speed & Map Data', 'row': 189}"
ki_200,Ki-200,8.0,965.0,268.05555555555554,599.623015,521.058505,"{'file': 'WarThunder_FactChecker1.xlsx', 'sheet': 'Sea level speed & Map Data', 'row': 190}"
meteor_f_4_g_41g,Meteor F.4 G.41G,8.0,954.0,265.0,592.788117168,515.118978,"{'file': 'WarThunder_FactChecker1.xlsx', 'sheet': 'Sea level speed & Map Data', 'row': 191}"
la_15,La-15,8.0,945.0,262.5,587.195595,510.259365,"{'file': 'WarThunder_FactChecker1.xlsx', 'sheet': 'Sea level speed & Map Data', 'row': 192}"
la_174,La-174,8.0,945.0,262.5,587.195595,510.259365,"{'file': 'WarThunder_FactChecker1.xlsx', 'sheet': 'Sea level speed & Map Data', 'row': 193}"
f2h_2,F2H-2,8.0,936.0,260.0,581.603256,505.39975200000003,"{'file': 'WarThunder_FactChecker1.xlsx', 'sheet': 'Sea level speed & Map Data', 'row': 194}"
b_57b_no_bombs,B-57B (no bombs),8.0,936.0,260.0,581.603256,505.39975200000003,"{'file': 'WarThunder_FactChecker1.xlsx', 'sheet': 'Sea level speed & Map Data', 'row': 195}"
il_28_no_bombs_rockets,IL-28 (no bombs/rockets),8.0,850.0,236.11111111111111,528.16535,458.96345,"{'file': 'WarThunder_FactChecker1.xlsx', 'sheet': 'Sea level speed & Map Data', 'row': 196}"
me_262c1,Me-262C1,7.7,1008.0,280.0,626.341968,544.276656,"{'file': 'WarThunder_FactChecker1.xlsx', 'sheet': 'Sea level speed & Map Data', 'row': 198}"
mig_9i,Mig-9(I),7.7,963.0,267.5,598.380273,519.978591,"{'file': 'WarThunder_FactChecker1.xlsx', 'sheet': 'Sea level speed & Map Data', 'row': 199}"
f_84b,F-84B,7.7,953.0,264.72222222222223,592.166563,514.579021,"{'file': 'WarThunder_FactChecker1.xlsx', 'sheet': 'Sea level speed & Map Data', 'row': 200}"
meteor_nf_13,Meteor NF.13,7.7,950.0,263.88888888888886,590.30245,512.95915,"{'file': 'WarThunder_FactChecker1.xlsx', 'sheet': 'Sea level speed & Map Data', 'row': 201}"
m_d_450b_bouragan,M.D. 450B Bouragan,7.7,945.0,262.5,587.195595,510.259365,"{'file': 'WarThunder_FactChecker1.xlsx', 'sheet': 'Sea level speed & Map Data', 'row': 202}"
meteor_f_4_g41f,Meteor F.4 G41F,7.7,943.0,261.94444444444446,585.953034056,509.17945100000003,"{'file': 'WarThunder_FactChecker1.xlsx', 'sheet': 'Sea level speed & Map Data', 'row': 203}"
m_d_450b_ouragan,M.D. 450B Ouragan,7.7,943.0,261.94444444444446,585.952853,509.17945100000003,"{'file': 'WarThunder_FactChecker1.xlsx', 'sheet': 'Sea level speed & Map Data', 'row': 204}"
yak_23,Yak-23,7.7,929.0,258.05555555555554,577.253659,501.62005300000004,"{'file': 'WarThunder_FactChecker1.xlsx', 'sheet': 'Sea level speed & Map Data', 'row': 205}"
r2y2_v3,R2Y2 v3,7.7,889.0,246.94444444444443,552.398819,480.021773,"{'file': 'WarThunder_FactChecker1.xlsx', 'sheet': 'Sea level speed & Map Data', 'row': 206}"
ho_229,Ho-229,7.7,885.0,245.83333333333331,549.913335,477.861945,"{'file': 'WarThunder_FactChecker1.xlsx', 'sheet': 'Sea level speed & Map Data', 'row': 207}"
vampire_fb_52_a28b,Vampire FB 52 / A28B,7.7,869.0,241.38888888888889,539.971399,469.22263300000003,"{'file': 'WarThunder_FactChecker1.xlsx', 'sheet': 'Sea level speed & Map Data', 'row': 208}"
vampire_fb_5,Vampire FB 5,7.7,832.0,231.11111111111111,516.980831744,449.24422400000003,"{'file': 'WarThunder_FactChecker1.xlsx', 'sheet': 'Sea level speed & Map Data', 'row': 209}"
sea_hawk_fga_6,Sea Hawk FGA.6,7.3,946.0,262.77777777777777,587.817147632,510.799322,"{'file': 'WarThunder_FactChecker1.xlsx', 'sheet': 'Sea level speed & Map Data', 'row': 210}"
f_80c,F-80C,7.3,929.0,258.05555555555554,577.253659,501.62005300000004,"{'file': 'WarThunder_FactChecker1.xlsx', 'sheet': 'Sea level speed & Map Data', 'row': 211}"
f_89b,F-89B,7.3,920.0,255.55555555555554,571.66132,496.76044,"{'file': 'WarThunder_FactChecker1.xlsx', 'sheet': 'Sea level speed & Map Data', 'row': 212}"
attacker_fb1_2,Attacker FB1/2,7.3,918.0,255.0,570.418754256,495.68052600000004,"{'file': 'WarThunder_FactChecker1.xlsx', 'sheet': 'Sea level speed & Map Data', 'row': 213}"
mig_9,Mig-9,7.3,867.0,240.83333333333331,538.728657,468.142719,"{'file': 'WarThunder_FactChecker1.xlsx', 'sheet': 'Sea level speed & Map Data', 'row': 214}"
ar_234c3,Ar-234C3,7.3,861.0,239.16666666666666,535.000431,464.902977,"{'file': 'WarThunder_FactChecker1.xlsx', 'sheet': 'Sea level speed & Map Data', 'row': 215}"
r2y2_v2,R2Y2 v2,7.3,853.0,236.94444444444443,530.029463,460.583321,"{'file': 'WarThunder_FactChecker1.xlsx', 'sheet': 'Sea level speed & Map Data', 'row': 216}"
sea_meteor_f_3,Sea Meteor F.3,7.3,850.0,236.11111111111111,528.1655132,458.96345,"{'file': 'WarThunder_FactChecker1.xlsx', 'sheet': 'Sea level speed & Map Data', 'row': 217}"
me_262a_jabo,Me-262A-Jabo,7.3,839.0,233.05555555555554,521.330269,453.023923,"{'file': 'WarThunder_FactChecker1.xlsx', 'sheet': 'Sea level speed & Map Data', 'row': 218}"
sk60b,SK60B,7.3,727.0,201.94444444444443,451.736717,392.548739,"{'file': 'WarThunder_FactChecker1.xlsx', 'sheet': 'Sea level speed & Map Data', 'row': 219}"
su_11,Su-11,7.0,944.0,262.22222222222223,586.574224,509.71940800000004,"{'file': 'WarThunder_FactChecker1.xlsx', 'sheet': 'Sea level speed & Map Data', 'row': 220}"
f_80a,F-80A,7.0,882.0,245.0,548.049222,476.242074,"{'file': 'WarThunder_FactChecker1.xlsx', 'sheet': 'Sea level speed & Map Data', 'row': 221}"
su_9,Su-9,7.0,854.0,237.22222222222223,530.650834,461.123278,"{'file': 'WarThunder_FactChecker1.xlsx', 'sheet': 'Sea level speed & Map Data', 'row': 222}"
f3d_1,F3D-1,7.0,843.0,234.16666666666666,523.815753,455.18375100000003,"{'file': 'WarThunder_FactChecker1.xlsx', 'sheet': 'Sea level speed & Map Data', 'row': 223}"
me_262a1,Me-262A1,7.0,842.0,233.88888888888889,523.194382,454.643794,"{'file': 'WarThunder_FactChecker1.xlsx', 'sheet': 'Sea level speed & Map Data', 'row': 224}"
r2y2_v1,R2Y2 v1,7.0,837.0,232.5,520.087527,451.944009,"{'file': 'WarThunder_FactChecker1.xlsx', 'sheet': 'Sea level speed & Map Data', 'row': 225}"
meteor_f_3,Meteor F.3,7.0,790.0,219.44444444444443,490.88324168,426.56603,"{'file': 'WarThunder_FactChecker1.xlsx', 'sheet': 'Sea level speed & Map Data', 'row': 226}"
a_21rb,A-21RB,7.0,787.0,218.61111111111111,489.018977,424.946159,"{'file': 'WarThunder_FactChecker1.xlsx', 'sheet': 'Sea level speed & Map Data', 'row': 227}"
a2d_1,A2D-1,7.0,771.0,214.16666666666666,479.077041,416.306847,"{'file': 'WarThunder_FactChecker1.xlsx', 'sheet': 'Sea level speed & Map Data', 'row': 228}"
yak_17,Yak-17,7.0,730.0,202.77777777777777,453.60083000000003,394.16861,"{'file': 'WarThunder_FactChecker1.xlsx', 'sheet': 'Sea level speed & Map Data', 'row': 229}"
kikka,Kikka,6.7,875.0,243.05555555555554,543.699625,472.462375,"{'file': 'WarThunder_FactChecker1.xlsx', 'sheet': 'Sea level speed & Map Data', 'row': 230}"
he_162_a_2,He-162 A-2,6.7,846.0,235.0,525.6798660000001,456.803622,"{'file': 'WarThunder_FactChecker1.xlsx', 'sheet': 'Sea level speed & Map Data', 'row': 231}"
j_21ra,J-21RA,6.7,770.0,213.88888888888889,478.45567,415.76689,"{'file': 'WarThunder_FactChecker1.xlsx', 'sheet': 'Sea level speed & Map Data', 'row': 232}"
yak_15_15p,Yak-15/15P,6.7,745.0,206.94444444444443,462.921395,402.267965,"{'file': 'WarThunder_FactChecker1.xlsx', 'sheet': 'Sea level speed & Map Data', 'row': 233}"
p_59a,P-59A,6.7,671.0,186.38888888888889,416.939941,362.311147,"{'file': 'WarThunder_FactChecker1.xlsx', 'sheet': 'Sea level speed & Map Data', 'row': 234}"
